crossmoda2021_ldn_001reduced,training
crossmoda2021_ldn_001,training
crossmoda2021_ldn_002,training
crossmoda2021_ldn_002reduced,training
crossmoda2021_ldn_003,training
crossmoda2021_ldn_003reduced,training
crossmoda2021_ldn_004,training
crossmoda2021_ldn_004reduced,training
crossmoda2021_ldn_005reduced,training
crossmoda2021_ldn_005,training
crossmoda2021_ldn_006enlarged,training
crossmoda2021_ldn_006,training
crossmoda2021_ldn_007,training
crossmoda2021_ldn_007enlarged,training
crossmoda2021_ldn_008reduced,training
crossmoda2021_ldn_008,training
crossmoda2021_ldn_009reduced,training
crossmoda2021_ldn_009,training
crossmoda2021_ldn_010reduced,training
crossmoda2021_ldn_010,training
crossmoda2021_ldn_011,training
crossmoda2021_ldn_011reduced,training
crossmoda2021_ldn_012,training
crossmoda2021_ldn_012reduced,training
crossmoda2021_ldn_013reduced,training
crossmoda2021_ldn_013,training
crossmoda2021_ldn_014reduced,training
crossmoda2021_ldn_014,training
crossmoda2021_ldn_015enlarged,training
crossmoda2021_ldn_015,training
crossmoda2021_ldn_016,training
crossmoda2021_ldn_016reduced,training
crossmoda2021_ldn_017enlarged,training
crossmoda2021_ldn_017,training
crossmoda2021_ldn_018reduced,training
crossmoda2021_ldn_018,training
crossmoda2021_ldn_019enlarged,training
crossmoda2021_ldn_019,training
crossmoda2021_ldn_020reduced,training
crossmoda2021_ldn_020,training
crossmoda2021_ldn_021,training
crossmoda2021_ldn_021reduced,training
crossmoda2021_ldn_022enlarged,training
crossmoda2021_ldn_022,training
crossmoda2021_ldn_023,training
crossmoda2021_ldn_023reduced,training
crossmoda2021_ldn_024reduced,training
crossmoda2021_ldn_024,training
crossmoda2021_ldn_025,training
crossmoda2021_ldn_025reduced,training
crossmoda2021_ldn_026,training
crossmoda2021_ldn_026reduced,training
crossmoda2021_ldn_027,training
crossmoda2021_ldn_027enlarged,training
crossmoda2021_ldn_028reduced,training
crossmoda2021_ldn_028,training
crossmoda2021_ldn_029reduced,training
crossmoda2021_ldn_029,training
crossmoda2021_ldn_030,training
crossmoda2021_ldn_030enlarged,training
crossmoda2021_ldn_031reduced,training
crossmoda2021_ldn_031,training
crossmoda2021_ldn_032reduced,training
crossmoda2021_ldn_032,training
crossmoda2021_ldn_033,training
crossmoda2021_ldn_033reduced,training
crossmoda2021_ldn_034,training
crossmoda2021_ldn_034reduced,training
crossmoda2021_ldn_035,training
crossmoda2021_ldn_035reduced,training
crossmoda2021_ldn_036,training
crossmoda2021_ldn_036reduced,training
crossmoda2021_ldn_037,training
crossmoda2021_ldn_037reduced,training
crossmoda2021_ldn_038reduced,training
crossmoda2021_ldn_038,training
crossmoda2021_ldn_039,training
crossmoda2021_ldn_039reduced,training
crossmoda2021_ldn_040enlarged,training
crossmoda2021_ldn_040,training
crossmoda2021_ldn_041,training
crossmoda2021_ldn_041enlarged,training
crossmoda2021_ldn_042,training
crossmoda2021_ldn_042reduced,training
crossmoda2021_ldn_043,training
crossmoda2021_ldn_043reduced,training
crossmoda2021_ldn_044,training
crossmoda2021_ldn_044reduced,training
crossmoda2021_ldn_045reduced,training
crossmoda2021_ldn_045,training
crossmoda2021_ldn_046reduced,training
crossmoda2021_ldn_046,training
crossmoda2021_ldn_047reduced,training
crossmoda2021_ldn_047,training
crossmoda2021_ldn_048,training
crossmoda2021_ldn_048reduced,training
crossmoda2021_ldn_049enlarged,training
crossmoda2021_ldn_049,training
crossmoda2021_ldn_050,training
crossmoda2021_ldn_050reduced,training
crossmoda2021_ldn_051,training
crossmoda2021_ldn_051reduced,training
crossmoda2021_ldn_052,training
crossmoda2021_ldn_052reduced,training
crossmoda2021_ldn_053,training
crossmoda2021_ldn_053reduced,training
crossmoda2021_ldn_054,training
crossmoda2021_ldn_054enlarged,training
crossmoda2021_ldn_055,training
crossmoda2021_ldn_055reduced,training
crossmoda2021_ldn_056enlarged,training
crossmoda2021_ldn_056,training
crossmoda2021_ldn_057,training
crossmoda2021_ldn_057reduced,training
crossmoda2021_ldn_058enlarged,training
crossmoda2021_ldn_058,training
crossmoda2021_ldn_059,training
crossmoda2021_ldn_059reduced,training
crossmoda2021_ldn_060,training
crossmoda2021_ldn_060reduced,training
crossmoda2021_ldn_061reduced,training
crossmoda2021_ldn_061,training
crossmoda2021_ldn_062,training
crossmoda2021_ldn_062reduced,training
crossmoda2021_ldn_063,training
crossmoda2021_ldn_063reduced,training
crossmoda2021_ldn_064reduced,training
crossmoda2021_ldn_064,training
crossmoda2021_ldn_065,training
crossmoda2021_ldn_065enlarged,training
crossmoda2021_ldn_066,training
crossmoda2021_ldn_066enlarged,training
crossmoda2021_ldn_067,training
crossmoda2021_ldn_067enlarged,training
crossmoda2021_ldn_068reduced,training
crossmoda2021_ldn_068,training
crossmoda2021_ldn_069,training
crossmoda2021_ldn_069reduced,training
crossmoda2021_ldn_070reduced,training
crossmoda2021_ldn_070,training
crossmoda2021_ldn_071reduced,training
crossmoda2021_ldn_071,training
crossmoda2021_ldn_072,training
crossmoda2021_ldn_072reduced,training
crossmoda2021_ldn_073reduced,training
crossmoda2021_ldn_073,training
crossmoda2021_ldn_074reduced,training
crossmoda2021_ldn_074,training
crossmoda2021_ldn_075,training
crossmoda2021_ldn_075reduced,training
crossmoda2021_ldn_076,training
crossmoda2021_ldn_076reduced,training
crossmoda2021_ldn_077,training
crossmoda2021_ldn_077reduced,training
crossmoda2021_ldn_078reduced,training
crossmoda2021_ldn_078,training
crossmoda2021_ldn_079,training
crossmoda2021_ldn_079reduced,training
crossmoda2021_ldn_080reduced,training
crossmoda2021_ldn_080,training
crossmoda2021_ldn_081reduced,training
crossmoda2021_ldn_081,training
crossmoda2021_ldn_082,training
crossmoda2021_ldn_082reduced,training
crossmoda2021_ldn_083reduced,training
crossmoda2021_ldn_083,training
crossmoda2021_ldn_084,training
crossmoda2021_ldn_084reduced,training
crossmoda2021_ldn_085reduced,training
crossmoda2021_ldn_085,training
crossmoda2021_ldn_086reduced,training
crossmoda2021_ldn_086,training
crossmoda2021_ldn_087,training
crossmoda2021_ldn_087enlarged,training
crossmoda2021_ldn_088reduced,training
crossmoda2021_ldn_088,training
crossmoda2021_ldn_089reduced,training
crossmoda2021_ldn_089,training
crossmoda2021_ldn_090reduced,training
crossmoda2021_ldn_090,training
crossmoda2021_ldn_091reduced,training
crossmoda2021_ldn_091,training
crossmoda2021_ldn_092reduced,training
crossmoda2021_ldn_092,training
crossmoda2021_ldn_093enlarged,training
crossmoda2021_ldn_093,training
crossmoda2021_ldn_094reduced,training
crossmoda2021_ldn_094,training
crossmoda2021_ldn_095,training
crossmoda2021_ldn_095enlarged,training
crossmoda2021_ldn_096,training
crossmoda2021_ldn_096reduced,training
crossmoda2021_ldn_097reduced,training
crossmoda2021_ldn_097,training
crossmoda2021_ldn_098,training
crossmoda2021_ldn_098reduced,training
crossmoda2021_ldn_099,training
crossmoda2021_ldn_099reduced,training
crossmoda2021_ldn_100,training
crossmoda2021_ldn_100reduced,training
crossmoda2021_ldn_101reduced,training
crossmoda2021_ldn_101,training
crossmoda2021_ldn_102reduced,training
crossmoda2021_ldn_102,training
crossmoda2021_ldn_103reduced,training
crossmoda2021_ldn_103,training
crossmoda2021_ldn_104,training
crossmoda2021_ldn_104reduced,training
crossmoda2021_ldn_105,training
crossmoda2021_ldn_105reduced,training
crossmoda2022_etz_000enlarged,training
crossmoda2022_etz_000,training
crossmoda2022_etz_001enlarged,training
crossmoda2022_etz_001,training
crossmoda2022_etz_002enlarged,training
crossmoda2022_etz_002,training
crossmoda2022_etz_003,training
crossmoda2022_etz_003enlarged,training
crossmoda2022_etz_004enlarged,training
crossmoda2022_etz_004,training
crossmoda2022_etz_005enlarged,training
crossmoda2022_etz_005,training
crossmoda2022_etz_006reduced,training
crossmoda2022_etz_006,training
crossmoda2022_etz_007reduced,training
crossmoda2022_etz_007,training
crossmoda2022_etz_008,training
crossmoda2022_etz_008enlarged,training
crossmoda2022_etz_009enlarged,training
crossmoda2022_etz_009,training
crossmoda2022_etz_010reduced,training
crossmoda2022_etz_010,training
crossmoda2022_etz_011enlarged,training
crossmoda2022_etz_011,training
crossmoda2022_etz_012,training
crossmoda2022_etz_012enlarged,training
crossmoda2022_etz_013enlarged,training
crossmoda2022_etz_013,training
crossmoda2022_etz_014enlarged,training
crossmoda2022_etz_014,training
crossmoda2022_etz_015enlarged,training
crossmoda2022_etz_015,training
crossmoda2022_etz_016enlarged,training
crossmoda2022_etz_016,training
crossmoda2022_etz_017enlarged,training
crossmoda2022_etz_017,training
crossmoda2022_etz_018,training
crossmoda2022_etz_018enlarged,training
crossmoda2022_etz_019,training
crossmoda2022_etz_019enlarged,training
crossmoda2022_etz_020enlarged,training
crossmoda2022_etz_020,training
crossmoda2022_etz_021,training
crossmoda2022_etz_021reduced,training
crossmoda2022_etz_022,training
crossmoda2022_etz_022enlarged,training
crossmoda2022_etz_023reduced,training
crossmoda2022_etz_023,training
crossmoda2022_etz_024enlarged,training
crossmoda2022_etz_024,training
crossmoda2022_etz_025enlarged,training
crossmoda2022_etz_025,training
crossmoda2022_etz_026,training
crossmoda2022_etz_026enlarged,training
crossmoda2022_etz_027,training
crossmoda2022_etz_027enlarged,training
crossmoda2022_etz_028,training
crossmoda2022_etz_028enlarged,training
crossmoda2022_etz_029,training
crossmoda2022_etz_029enlarged,training
crossmoda2022_etz_030,training
crossmoda2022_etz_030enlarged,training
crossmoda2022_etz_031reduced,training
crossmoda2022_etz_031,training
crossmoda2022_etz_032enlarged,training
crossmoda2022_etz_032,training
crossmoda2022_etz_033enlarged,training
crossmoda2022_etz_033,training
crossmoda2022_etz_034enlarged,training
crossmoda2022_etz_034,training
crossmoda2022_etz_035,training
crossmoda2022_etz_035reduced,training
crossmoda2022_etz_036enlarged,training
crossmoda2022_etz_036,training
crossmoda2022_etz_037,training
crossmoda2022_etz_037enlarged,training
crossmoda2022_etz_038,training
crossmoda2022_etz_038enlarged,training
crossmoda2022_etz_039enlarged,training
crossmoda2022_etz_039,training
crossmoda2022_etz_040,training
crossmoda2022_etz_040enlarged,training
crossmoda2022_etz_041reduced,training
crossmoda2022_etz_041,training
crossmoda2022_etz_042enlarged,training
crossmoda2022_etz_042,training
crossmoda2022_etz_043enlarged,training
crossmoda2022_etz_043,training
crossmoda2022_etz_044enlarged,training
crossmoda2022_etz_044,training
crossmoda2022_etz_045,training
crossmoda2022_etz_045enlarged,training
crossmoda2022_etz_046enlarged,training
crossmoda2022_etz_046,training
crossmoda2022_etz_047,training
crossmoda2022_etz_047enlarged,training
crossmoda2022_etz_048,training
crossmoda2022_etz_048enlarged,training
crossmoda2022_etz_049,training
crossmoda2022_etz_049enlarged,training
crossmoda2022_etz_050,training
crossmoda2022_etz_050enlarged,training
crossmoda2022_etz_051,training
crossmoda2022_etz_051enlarged,training
crossmoda2022_etz_052enlarged,training
crossmoda2022_etz_052,training
crossmoda2022_etz_053enlarged,training
crossmoda2022_etz_053,training
crossmoda2022_etz_054,training
crossmoda2022_etz_054enlarged,training
crossmoda2022_etz_055enlarged,training
crossmoda2022_etz_055,training
crossmoda2022_etz_056reduced,training
crossmoda2022_etz_056,training
crossmoda2022_etz_057,training
crossmoda2022_etz_057enlarged,training
crossmoda2022_etz_058,training
crossmoda2022_etz_058reduced,training
crossmoda2022_etz_059enlarged,training
crossmoda2022_etz_059,training
crossmoda2022_etz_060,training
crossmoda2022_etz_060enlarged,training
crossmoda2022_etz_061enlarged,training
crossmoda2022_etz_061,training
crossmoda2022_etz_062enlarged,training
crossmoda2022_etz_062,training
crossmoda2022_etz_063,training
crossmoda2022_etz_063reduced,training
crossmoda2022_etz_064,training
crossmoda2022_etz_064reduced,training
crossmoda2022_etz_065enlarged,training
crossmoda2022_etz_065,training
crossmoda2022_etz_066enlarged,training
crossmoda2022_etz_066,training
crossmoda2022_etz_067reduced,training
crossmoda2022_etz_067,training
crossmoda2022_etz_068enlarged,training
crossmoda2022_etz_068,training
crossmoda2022_etz_069,training
crossmoda2022_etz_069enlarged,training
crossmoda2022_etz_070,training
crossmoda2022_etz_070enlarged,training
crossmoda2022_etz_071,training
crossmoda2022_etz_071enlarged,training
crossmoda2022_etz_072reduced,training
crossmoda2022_etz_072,training
crossmoda2022_etz_073reduced,training
crossmoda2022_etz_073,training
crossmoda2022_etz_074enlarged,training
crossmoda2022_etz_074,training
crossmoda2022_etz_075,training
crossmoda2022_etz_075enlarged,training
crossmoda2022_etz_076,training
crossmoda2022_etz_076enlarged,training
crossmoda2022_etz_077,training
crossmoda2022_etz_077enlarged,training
crossmoda2022_etz_078,training
crossmoda2022_etz_078enlarged,training
crossmoda2022_etz_079,training
crossmoda2022_etz_079enlarged,training
crossmoda2022_etz_080reduced,training
crossmoda2022_etz_080,training
crossmoda2022_etz_081,training
crossmoda2022_etz_081reduced,training
crossmoda2022_etz_082,training
crossmoda2022_etz_082enlarged,training
crossmoda2022_etz_083,training
crossmoda2022_etz_083enlarged,training
crossmoda2022_etz_084enlarged,training
crossmoda2022_etz_084,training
crossmoda2022_etz_085enlarged,training
crossmoda2022_etz_085,training
crossmoda2022_etz_086,training
crossmoda2022_etz_086enlarged,training
crossmoda2022_etz_087,training
crossmoda2022_etz_087enlarged,training
crossmoda2022_etz_088,training
crossmoda2022_etz_088enlarged,training
crossmoda2022_etz_089,training
crossmoda2022_etz_089enlarged,training
crossmoda2022_etz_090,training
crossmoda2022_etz_090reduced,training
crossmoda2022_etz_091,training
crossmoda2022_etz_091enlarged,training
crossmoda2022_etz_092enlarged,training
crossmoda2022_etz_092,training
crossmoda2022_etz_093enlarged,training
crossmoda2022_etz_093,training
crossmoda2022_etz_094,training
crossmoda2022_etz_094enlarged,training
crossmoda2022_etz_095,training
crossmoda2022_etz_095enlarged,training
crossmoda2022_etz_096,training
crossmoda2022_etz_096reduced,training
crossmoda2022_etz_097enlarged,training
crossmoda2022_etz_097,training
crossmoda2022_etz_098,training
crossmoda2022_etz_098enlarged,training
crossmoda2022_etz_099enlarged,training
crossmoda2022_etz_099,training
crossmoda2022_etz_100enlarged,training
crossmoda2022_etz_100,training
crossmoda2022_etz_101,training
crossmoda2022_etz_101enlarged,training
crossmoda2022_etz_102enlarged,training
crossmoda2022_etz_102,training
crossmoda2022_etz_103enlarged,training
crossmoda2022_etz_103,training
crossmoda2022_etz_104enlarged,training
crossmoda2022_etz_104,training
